<?xml version="1.0" encoding="utf-8"?>
<extension type="plugin" group="authentication" method="upgrade">
    <name>PGS_Entra_SSO - Authentication</name>
    <author>PeterPam Global Services</author>
    <version>1.0.0</version>
    <description>Authentication plugin for Microsoft Entra (Azure AD) SSO</description>
    <requires>
        <joomla>5.0</joomla>
    </requires>
    <files>
        <filename plugin="entra">entra.php</filename>
    </files>
    <config>
        <fields name="params">
            <fieldset name="basic">
                <field name="client_id" type="text" label="Client ID" description="Azure AD Application Client ID" />
                <field name="client_secret" type="password" label="Client Secret" description="Azure AD Application Client Secret" />
                <field name="tenant_id" type="text" label="Tenant ID" description="Azure AD Tenant ID" />
                <field name="redirect_uri" type="text" label="Redirect URI" description="Redirect URI for SSO callback" />
            </fieldset>
        </fields>
    </config>
</extension>
